{"cameraMode":{"drawMode":0,"name":"Shaded","section":"Shading Mode"},"sceneLighting":false,"audioPlay":false,"sceneViewState":{"showFog":true,"showMaterialUpdate":false,"showSkybox":true,"showFlares":true,"showImageEffects":true,"showParticleSystems":true},"in2DMode":false,"pivot":{"x":10.699909210205079,"y":5.307663917541504,"z":27.56658172607422},"rotation":{"x":0.18318192660808564,"y":-0.3771507740020752,"z":0.07639479637145996,"w":0.9046355485916138},"size":5.706302165985107,"orthographic":false}