{"cameraMode":{"drawMode":0,"name":"Shaded","section":"Shading Mode"},"sceneLighting":false,"audioPlay":false,"sceneViewState":{"showFog":true,"showMaterialUpdate":false,"showSkybox":true,"showFlares":true,"showImageEffects":true,"showParticleSystems":true},"in2DMode":false,"pivot":{"x":-47.14566421508789,"y":-38.04975128173828,"z":92.21726989746094},"rotation":{"x":-0.2537674307823181,"y":0.3409442901611328,"z":-0.09612694382667542,"w":-0.9000659584999085},"size":74.01766967773438,"orthographic":false}